id,photo,photoID
a16,http://ww1.hdnux.com/photos/57/73/47/12564988/5/628x471.jpg,12564988
a16,http://ww1.hdnux.com/photos/57/73/50/12565000/5/628x471.jpg,12565000
a16,http://ww4.hdnux.com/photos/57/73/50/12565043/5/628x471.jpg,12565043
a16,http://ww1.hdnux.com/photos/57/73/47/12564928/5/628x471.jpg,12564928
a16,http://ww2.hdnux.com/photos/57/73/47/12564937/5/628x471.jpg,12564937
acquarello,http://ww3.hdnux.com/photos/45/10/04/9732366/5/628x471.jpg,9732366
acquarello,http://ww1.hdnux.com/photos/60/03/15/12596040/3/628x471.jpg,12596040
adhoc,http://ww4.hdnux.com/photos/60/03/14/12596031/3/628x471.jpg,12596031
adhoc,http://ww4.hdnux.com/photos/53/50/00/11436083/5/628x471.jpg,11436083
alsplace,http://ww1.hdnux.com/photos/44/52/20/9610288/5/628x471.jpg,9610288
alsplace,http://ww3.hdnux.com/photos/60/03/16/12596146/3/628x471.jpg,12596146
aster,http://ww1.hdnux.com/photos/60/03/17/12596160/3/628x471.jpg,12596160
aster,http://ww2.hdnux.com/photos/60/03/17/12596161/3/628x471.jpg,12596161
ateliercrenn,http://ww4.hdnux.com/photos/60/03/16/12596147/3/628x471.jpg,12596147
ateliercrenn,http://ww1.hdnux.com/photos/60/03/16/12596148/3/628x471.jpg,12596148
august,http://ww2.hdnux.com/photos/56/72/51/12298817/5/628x471.jpg,12298817
august,http://ww3.hdnux.com/photos/56/72/53/12298950/9/628x471.jpg,12298950
baragricole,http://ww4.hdnux.com/photos/45/17/22/9761923/5/628x471.jpg,9761923
baragricole,http://ww4.hdnux.com/photos/60/06/24/12608775/3/628x471.jpg,12608775
bellota,http://ww1.hdnux.com/photos/50/21/56/10558376/7/628x471.jpg,10558376
bellota,http://ww2.hdnux.com/photos/50/21/56/10558389/5/628x471.jpg,10558389
benu,http://ww1.hdnux.com/photos/51/51/70/10919428/9/628x471.jpg,10919428
benu,http://ww2.hdnux.com/photos/54/11/72/11574945/7/628x471.jpg,11574945
bottega,http://ww1.hdnux.com/photos/60/05/11/12603996/5/628x471.jpg,12603996
bottega,http://ww1.hdnux.com/photos/60/05/11/12604008/5/628x471.jpg,12604008
boulevard,http://ww4.hdnux.com/photos/45/25/34/9787143/5/628x471.jpg,9787143
boulevard,http://ww1.hdnux.com/photos/45/25/33/9787132/5/628x471.jpg,9787132
bpatisserie,http://ww4.hdnux.com/photos/60/05/62/12606651/5/628x471.jpg,12606651
bpatisserie,http://ww4.hdnux.com/photos/60/05/63/12606675/5/628x471.jpg,12606675
bullvalleyroadhouse,http://ww2.hdnux.com/photos/44/52/23/9610461/5/628x471.jpg,9610461
bullvalleyroadhouse,http://ww3.hdnux.com/photos/60/04/11/12599914/3/628x471.jpg,12599914
cala,http://ww3.hdnux.com/photos/44/41/77/9576406/5/628x471.jpg,9576406
cala,http://ww1.hdnux.com/photos/60/04/11/12599920/3/628x471.jpg,12599920
californios,http://ww4.hdnux.com/photos/44/57/32/9631399/5/628x471.jpg,9631399
californios,http://ww1.hdnux.com/photos/44/57/32/9631408/7/628x471.jpg,9631408
camino,http://ww3.hdnux.com/photos/60/22/16/12657550/5/628x471.jpg,12657550
camino,http://ww2.hdnux.com/photos/60/22/16/12657569/5/628x471.jpg,12657569
camino,http://ww1.hdnux.com/photos/60/22/16/12657548/5/628x471.jpg,12657548
camino,http://ww3.hdnux.com/photos/60/22/15/12657530/5/628x471.jpg,12657530
camino,http://ww3.hdnux.com/photos/60/22/16/12657546/5/628x471.jpg,12657546
chezpanisse,http://ww1.hdnux.com/photos/44/42/54/9579304/5/628x471.jpg,9579304
chezpanisse,http://ww3.hdnux.com/photos/60/04/27/12600814/3/628x471.jpg,12600814
ciccio,http://ww1.hdnux.com/photos/44/51/45/9607544/5/628x471.jpg,9607544
ciccio,http://ww4.hdnux.com/photos/60/04/30/12600867/3/628x471.jpg,12600867
coi,http://ww3.hdnux.com/photos/46/31/60/10066958/11/628x471.jpg,0066958
coi,http://ww4.hdnux.com/photos/46/31/60/10066963/9/628x471.jpg,10066963
comal,http://ww2.hdnux.com/photos/60/04/27/12600817/3/628x471.jpg,12600817
comal,http://ww3.hdnux.com/photos/60/04/27/12600818/3/628x471.jpg,12600818
commis,http://ww2.hdnux.com/photos/45/03/07/9712069/7/628x471.jpg,9712069
commis,http://ww1.hdnux.com/photos/45/03/07/9712088/7/628x471.jpg,9712088
commonwealth,http://ww2.hdnux.com/photos/60/05/53/12606181/5/628x471.jpg,12606181
commonwealth,http://ww3.hdnux.com/photos/60/05/53/12606190/5/628x471.jpg,12606190
commonwealth,http://ww1.hdnux.com/photos/60/05/54/12606236/5/628x471.jpg,12606236
coqueta,http://ww3.hdnux.com/photos/44/51/53/9607894/5/628x471.jpg,9607894
coqueta,http://ww4.hdnux.com/photos/60/04/33/12601055/3/628x471.jpg,12601055
corridor,http://ww4.hdnux.com/photos/51/34/54/10865435/7/628x471.jpg,10865435
corridor,http://ww3.hdnux.com/photos/51/34/54/10865426/5/628x471.jpg,10865426
corridor,http://ww2.hdnux.com/photos/51/34/54/10865429/5/628x471.jpg,10865429
cotogna,http://ww1.hdnux.com/photos/60/04/33/12601056/3/628x471.jpg,12601056
cotogna,http://ww2.hdnux.com/photos/60/04/33/12601057/3/628x471.jpg,12601057
delfina,http://ww1.hdnux.com/photos/60/11/14/12620592/5/628x471.jpg,12620592
delfina,http://ww4.hdnux.com/photos/60/11/15/12620623/5/628x471.jpg,12620623
delfina,http://ww4.hdnux.com/photos/60/11/15/12620631/5/628x471.jpg,12620631
delpopolo,http://ww3.hdnux.com/photos/44/41/61/9575514/5/628x471.jpg,9575514
delpopolo,http://ww3.hdnux.com/photos/44/41/62/9575598/5/628x471.jpg,9575598
foreigncinema,http://ww1.hdnux.com/photos/60/12/64/12627200/5/628x471.jpg,12627200
foreigncinema,http://ww2.hdnux.com/photos/60/12/65/12627289/5/628x471.jpg,12627289
foreigncinema,http://ww3.hdnux.com/photos/60/12/65/12627298/5/628x471.jpg,12627298
frances,http://ww2.hdnux.com/photos/60/11/27/12621273/5/628x471.jpg,12621273
frances,http://ww2.hdnux.com/photos/60/11/26/12621217/5/628x471.jpg,12621217
frances,http://ww1.hdnux.com/photos/60/11/26/12621220/5/628x471.jpg,12621220
frances,http://ww4.hdnux.com/photos/60/11/26/12621235/7/628x471.jpg,12621235
frenchlaundry,http://ww1.hdnux.com/photos/57/22/52/12397244/7/628x471.jpg,12397244
frenchlaundry,http://ww3.hdnux.com/photos/57/22/53/12397258/5/628x471.jpg,12397258
garydanko,http://ww3.hdnux.com/photos/44/51/61/9608266/5/628x471.jpg,9608266
garydanko,http://ww2.hdnux.com/photos/60/04/44/12601641/3/628x471.jpg,12601641
hawkerfare,http://ww3.hdnux.com/photos/60/16/11/12640850/3/628x471.jpg,12640850
hawkerfare,http://ww4.hdnux.com/photos/60/16/11/12640851/3/628x471.jpg,12640851
hongkong,http://ww1.hdnux.com/photos/60/04/45/12601664/3/628x471.jpg,12601664
hongkong,http://ww2.hdnux.com/photos/60/04/45/12601665/3/628x471.jpg,12601665
houseofprimerib,http://ww2.hdnux.com/photos/57/72/14/12559161/5/628x471.jpg,12559161
houseofprimerib,http://ww3.hdnux.com/photos/57/72/16/12559266/5/628x471.jpg,12559266
insitu,http://ww3.hdnux.com/photos/51/01/01/10752118/5/628x471.jpg,10752118
insitu,http://ww2.hdnux.com/photos/51/01/01/10752121/7/628x471.jpg,10752121
ippuku,http://ww2.hdnux.com/photos/60/04/45/12601681/3/628x471.jpg,12601681
ippuku,http://ww3.hdnux.com/photos/60/04/45/12601682/3/628x471.jpg,12601682
iyasare,http://ww4.hdnux.com/photos/60/04/45/12601683/3/628x471.jpg,12601683
iyasare,http://ww1.hdnux.com/photos/60/04/45/12601684/3/628x471.jpg,12601684
izakayarintaro,http://ww4.hdnux.com/photos/60/04/45/12601699/3/628x471.jpg,12601699
izakayarintaro,http://ww2.hdnux.com/photos/60/04/45/12601701/3/628x471.jpg,12601701
juni,http://ww1.hdnux.com/photos/47/55/41/10410088/9/628x471.jpg,10410088
juni,http://ww3.hdnux.com/photos/47/55/41/10410106/7/628x471.jpg,10410106
kinkhao,http://ww1.hdnux.com/photos/60/04/45/12601720/3/628x471.jpg,12601720
kinkhao,http://ww2.hdnux.com/photos/60/04/45/12601721/3/628x471.jpg,12601721
kokkari,http://ww4.hdnux.com/photos/44/51/63/9608419/5/628x471.jpg,9608419
kokkari,http://ww3.hdnux.com/photos/60/04/46/12601750/3/628x471.jpg,12601750
kusakabe,http://ww2.hdnux.com/photos/60/04/46/12601769/3/628x471.jpg,12601769
kusakabe,http://ww3.hdnux.com/photos/60/04/46/12601770/3/628x471.jpg,12601770
laciccia,http://ww2.hdnux.com/photos/60/04/53/12602093/3/628x471.jpg,12602093
laciccia,http://ww1.hdnux.com/photos/60/04/53/12602092/3/628x471.jpg,12602092
lafolie,http://ww3.hdnux.com/photos/57/73/61/12565570/5/628x471.jpg,12565570
lafolie,http://ww4.hdnux.com/photos/57/73/61/12565595/5/628x471.jpg,12565595
lafolie,http://ww4.hdnux.com/photos/57/73/61/12565611/5/628x471.jpg,12565611
lataqueria,http://ww4.hdnux.com/photos/57/72/13/12559051/5/628x471.jpg,12559051
lataqueria,http://ww2.hdnux.com/photos/57/72/13/12559057/5/628x471.jpg,12559057
lataqueria,http://ww4.hdnux.com/photos/57/72/13/12559083/5/628x471.jpg,12559083
lataqueria,http://ww3.hdnux.com/photos/57/72/13/12559086/5/628x471.jpg,12559086
lazybear,http://ww1.hdnux.com/photos/60/05/55/12606296/3/628x471.jpg,12606296
lazybear,http://ww2.hdnux.com/photos/60/05/55/12606297/3/628x471.jpg,12606297
liholiho,http://ww3.hdnux.com/photos/44/41/54/9575170/7/628x471.jpg,9575170
liholiho,http://ww2.hdnux.com/photos/44/44/07/9585109/5/628x471.jpg,9585109
liholiho,http://ww1.hdnux.com/photos/60/05/55/12606304/3/628x471.jpg,12606304
lordstanley,http://ww3.hdnux.com/photos/60/05/65/12606822/3/628x471.jpg,12606822
lordstanley,http://ww4.hdnux.com/photos/60/05/65/12606823/3/628x471.jpg,12606823
manresa,http://ww4.hdnux.com/photos/60/05/66/12606899/3/628x471.jpg,12606899
manresa,http://ww2.hdnux.com/photos/60/05/66/12606901/3/628x471.jpg,12606901
marlowe,http://ww3.hdnux.com/photos/44/51/70/9608714/5/628x471.jpg,9608714
marlowe,http://ww1.hdnux.com/photos/60/05/66/12606904/3/628x471.jpg,12606904
meadowood,http://ww3.hdnux.com/photos/45/13/64/9747758/7/628x471.jpg,9747758
meadowood,http://ww3.hdnux.com/photos/45/13/64/9747758/7/628x471.jpg,9747758
meadowood,http://ww2.hdnux.com/photos/45/13/64/9747745/9/628x471.jpg,9747745
meadowood,http://ww2.hdnux.com/photos/45/13/64/9747745/9/628x471.jpg,9747745
meadowood,http://ww2.hdnux.com/photos/60/06/02/12607657/3/628x471.jpg,12607657
meadowood,http://ww2.hdnux.com/photos/60/06/02/12607657/3/628x471.jpg,12607657
miminashi,http://ww4.hdnux.com/photos/47/76/45/10479939/5/628x471.jpg,10479939
miminashi,http://ww3.hdnux.com/photos/47/76/45/10479970/13/628x471.jpg,0479970
mourad_aziza,http://ww1.hdnux.com/photos/60/05/66/12606908/3/628x471.jpg,12606908
mourad_aziza,http://ww1.hdnux.com/photos/60/05/66/12606908/3/628x471.jpg,12606908
mourad_aziza,http://ww4.hdnux.com/photos/60/05/67/12606915/3/628x471.jpg,12606915
mourad_aziza,http://ww4.hdnux.com/photos/60/05/67/12606915/3/628x471.jpg,12606915
mourad_aziza,http://ww2.hdnux.com/photos/60/05/67/12606917/3/628x471.jpg,12606917
mourad_aziza,http://ww2.hdnux.com/photos/60/05/67/12606917/3/628x471.jpg,12606917
nico,http://ww2.hdnux.com/photos/54/27/22/11629701/7/628x471.jpg,11629701
nico,http://ww2.hdnux.com/photos/54/27/22/11629701/7/628x471.jpg,11629701
nico,http://ww1.hdnux.com/photos/54/27/22/11629704/7/628x471.jpg,11629704
nico,http://ww1.hdnux.com/photos/54/27/22/11629704/7/628x471.jpg,11629704
nido,http://ww1.hdnux.com/photos/60/05/67/12606968/3/628x471.jpg,12606968
nido,http://ww2.hdnux.com/photos/60/05/67/12606969/3/628x471.jpg,12606969
nopa,http://ww2.hdnux.com/photos/60/11/70/12623413/5/628x471.jpg,12623413
nopa,http://ww3.hdnux.com/photos/60/11/71/12623434/5/628x471.jpg,12623434
nopa,http://ww1.hdnux.com/photos/60/11/71/12623436/5/628x471.jpg,12623436
nopalito,http://ww2.hdnux.com/photos/44/51/74/9608965/5/628x471.jpg,9608965
nopalito,http://ww2.hdnux.com/photos/51/51/70/10919425/7/628x471.jpg,10919425
octavia,http://ww4.hdnux.com/photos/60/05/71/12607055/3/628x471.jpg,12607055
octavia,http://ww1.hdnux.com/photos/60/05/71/12607060/3/628x471.jpg,12607060
octavia,http://ww2.hdnux.com/photos/60/05/71/12607061/3/628x471.jpg,12607061
oenotri,http://ww3.hdnux.com/photos/44/51/74/9609006/5/628x471.jpg,9609006
oenotri,http://ww2.hdnux.com/photos/60/05/71/12607073/3/628x471.jpg,12607073
omakase,http://ww2.hdnux.com/photos/60/05/71/12607081/3/628x471.jpg,12607081
omakase,http://ww2.hdnux.com/photos/60/05/71/12607085/3/628x471.jpg,12607085
omakase,http://ww4.hdnux.com/photos/60/05/71/12607087/3/628x471.jpg,12607087
onsen,http://ww3.hdnux.com/photos/57/23/03/12398834/5/628x471.jpg,12398834
onsen,http://ww4.hdnux.com/photos/57/23/04/12398891/7/628x471.jpg,12398891
onsen,http://ww2.hdnux.com/photos/57/23/04/12398905/7/628x471.jpg,12398905
originaljoe,http://ww1.hdnux.com/photos/45/44/02/9846968/7/628x471.jpg,9846968
originaljoe,http://ww4.hdnux.com/photos/45/44/03/9847007/11/628x471.jpg,9847007
pabu,http://ww3.hdnux.com/photos/60/05/72/12607142/3/628x471.jpg,12607142
pabu,http://ww4.hdnux.com/photos/60/05/72/12607143/3/628x471.jpg,12607143
parktavern,http://ww1.hdnux.com/photos/60/03/41/12597332/5/628x471.jpg,12597332
parktavern,http://ww2.hdnux.com/photos/60/03/41/12597353/5/628x471.jpg,12597353
petitcrenn,http://ww3.hdnux.com/photos/60/05/74/12607246/3/628x471.jpg,12607246
petitcrenn,http://ww2.hdnux.com/photos/54/75/70/11787829/5/628x471.jpg,11787829
piperade,http://ww4.hdnux.com/photos/60/05/74/12607295/3/628x471.jpg,12607295
piperade,http://ww1.hdnux.com/photos/60/05/75/12607296/5/628x471.jpg,12607296
pizzaiolo,http://ww4.hdnux.com/photos/60/01/57/12590071/5/628x471.jpg,12590071
pizzaiolo,http://ww3.hdnux.com/photos/60/01/57/12590058/5/628x471.jpg,12590058
pizzaiolo,http://ww1.hdnux.com/photos/60/01/57/12590068/5/628x471.jpg,12590068
poggio,http://ww4.hdnux.com/photos/60/05/60/12606503/5/628x471.jpg,12606503
poggio,http://ww4.hdnux.com/photos/60/05/57/12606411/5/628x471.jpg,12606411
poggio,http://ww2.hdnux.com/photos/60/05/56/12606389/5/628x471.jpg,12606389
poggio,http://ww3.hdnux.com/photos/60/05/61/12606546/5/628x471.jpg,12606546
progress,http://ww2.hdnux.com/photos/54/25/67/11623893/5/628x471.jpg,11623893
progress,http://ww2.hdnux.com/photos/54/25/67/11623893/5/628x471.jpg,11623893
progress,http://ww4.hdnux.com/photos/60/05/77/12607463/3/628x471.jpg,12607463
progress,http://ww4.hdnux.com/photos/60/05/77/12607463/3/628x471.jpg,12607463
prospect,http://ww2.hdnux.com/photos/60/00/42/12585113/5/628x471.jpg,12585113
prospect,http://ww4.hdnux.com/photos/60/00/42/12585111/5/628x471.jpg,12585111
quince,http://ww1.hdnux.com/photos/54/22/50/11610656/5/628x471.jpg,11610656
quince,http://ww1.hdnux.com/photos/60/06/00/12607544/3/628x471.jpg,12607544
quince,http://ww2.hdnux.com/photos/60/06/00/12607545/3/628x471.jpg,12607545
ramenshop,http://ww2.hdnux.com/photos/60/06/01/12607553/3/628x471.jpg,12607553
ramenshop,http://ww4.hdnux.com/photos/60/06/01/12607555/3/628x471.jpg,12607555
ramenshop,http://ww3.hdnux.com/photos/60/06/01/12607554/3/628x471.jpg,12607554
rasa,http://ww2.hdnux.com/photos/60/06/01/12607561/3/628x471.jpg,12607561
rasa,http://ww3.hdnux.com/photos/60/06/01/12607562/3/628x471.jpg,12607562
redd,http://ww2.hdnux.com/photos/44/52/02/9609385/5/628x471.jpg,9609385
redd,http://ww2.hdnux.com/photos/60/06/01/12607605/3/628x471.jpg,12607605
reddwood,http://ww3.hdnux.com/photos/44/52/02/9609390/5/628x471.jpg,9609390
reddwood,http://ww4.hdnux.com/photos/60/06/01/12607615/3/628x471.jpg,12607615
richtable,http://ww1.hdnux.com/photos/60/06/02/12607664/3/628x471.jpg,12607664
richtable,http://ww3.hdnux.com/photos/60/06/02/12607666/3/628x471.jpg,12607666
saison,http://ww1.hdnux.com/photos/44/52/04/9609472/7/628x471.jpg,9609472
saison,http://ww3.hdnux.com/photos/60/06/03/12607722/3/628x471.jpg,12607722
saratoga,http://ww3.hdnux.com/photos/56/17/61/12123234/9/628x471.jpg,12123234
saratoga,http://ww3.hdnux.com/photos/56/17/62/12123322/7/628x471.jpg,12123322
saratoga,http://ww4.hdnux.com/photos/56/17/65/12123515/5/628x471.jpg,12123515
sevenhills,http://ww2.hdnux.com/photos/60/12/03/12624097/5/628x471.jpg,12624097
sevenhills,http://ww2.hdnux.com/photos/60/15/14/12636973/5/628x471.jpg,12636973
sevenhills,http://ww2.hdnux.com/photos/60/15/14/12636973/5/628x471.jpg,12636973
sevenhills,http://ww3.hdnux.com/photos/60/15/15/12637006/5/628x471.jpg,12637006
sevenhills,http://ww3.hdnux.com/photos/60/15/15/12637006/5/628x471.jpg,12637006
sevenhills,http://ww3.hdnux.com/photos/60/15/15/12637026/5/628x471.jpg,12637026
sevenhills,http://ww3.hdnux.com/photos/60/15/15/12637026/5/628x471.jpg,12637026
shedcafe,http://ww2.hdnux.com/photos/44/52/06/9609617/5/628x471.jpg,9609617
shedcafe,http://ww2.hdnux.com/photos/60/06/04/12607753/3/628x471.jpg,12607753
shedcafe,http://ww1.hdnux.com/photos/56/43/34/12203832/5/628x471.jpg,12203832
singlethread,http://ww2.hdnux.com/photos/60/00/73/12586749/7/628x471.jpg,12586749
singlethread,http://ww4.hdnux.com/photos/60/00/74/12586759/5/628x471.jpg,12586759
singlethread,http://ww2.hdnux.com/photos/60/00/74/12586761/5/628x471.jpg,12586761
slanteddoor,http://ww4.hdnux.com/photos/45/61/06/9900475/5/628x471.jpg,9900475
slanteddoor,http://ww4.hdnux.com/photos/60/06/05/12607811/3/628x471.jpg,12607811
souvla,http://ww4.hdnux.com/photos/60/11/66/12623267/5/628x471.jpg,12623267
souvla,http://ww4.hdnux.com/photos/60/11/66/12623267/5/628x471.jpg,12623267
souvla,http://ww1.hdnux.com/photos/60/11/66/12623276/5/628x471.jpg,12623276
souvla,http://ww4.hdnux.com/photos/60/11/67/12623339/5/628x471.jpg,12623339
souvla,http://ww1.hdnux.com/photos/60/11/66/12623276/5/628x471.jpg,12623276
souvla,http://ww4.hdnux.com/photos/60/11/67/12623339/5/628x471.jpg,12623339
spqr,http://ww2.hdnux.com/photos/60/17/01/12644445/5/628x471.jpg,12644445
spqr,http://ww3.hdnux.com/photos/60/17/01/12644474/5/628x471.jpg,12644474
spqr,http://ww1.hdnux.com/photos/60/17/02/12644492/5/628x471.jpg,12644492
statebirdprovisions,http://ww1.hdnux.com/photos/44/52/07/9609712/5/628x471.jpg,9609712
statebirdprovisions,http://ww2.hdnux.com/photos/60/06/05/12607869/3/628x471.jpg,12607869
sushiran,http://ww4.hdnux.com/photos/60/06/06/12607891/3/628x471.jpg,12607891
sushiran,http://ww1.hdnux.com/photos/60/06/06/12607892/3/628x471.jpg,12607892
sushiran,http://ww2.hdnux.com/photos/60/06/06/12607893/3/628x471.jpg,12607893
swanoysterdepot,http://ww3.hdnux.com/photos/54/36/74/11661106/5/628x471.jpg,11661106
swanoysterdepot,http://ww1.hdnux.com/photos/54/36/77/11661284/7/628x471.jpg,11661284
swanoysterdepot,http://ww2.hdnux.com/photos/54/36/74/11661065/7/628x471.jpg,11661065
tartinemanu,http://ww2.hdnux.com/photos/56/26/50/12151357/7/628x471.jpg,12151357
tartinemanu,http://ww3.hdnux.com/photos/56/26/52/12151482/7/628x471.jpg,12151482
tasteesteam,http://ww1.hdnux.com/photos/57/64/44/12536072/5/628x471.jpg,12536072
tasteesteam,http://ww1.hdnux.com/photos/57/64/44/12536076/5/628x471.jpg,12536076
tasteesteam,http://ww1.hdnux.com/photos/57/64/43/12536036/7/628x471.jpg,12536036
tawla,http://ww1.hdnux.com/photos/50/45/23/10638588/5/628x471.jpg,10638588
tawla,http://ww1.hdnux.com/photos/50/45/24/10638604/7/628x471.jpg,10638604
tawla,http://ww1.hdnux.com/photos/50/45/24/10638612/5/628x471.jpg,10638612
terra_barterra,http://ww2.hdnux.com/photos/60/06/07/12607993/3/628x471.jpg,12607993
terra_barterra,http://ww1.hdnux.com/photos/60/06/07/12607996/3/628x471.jpg,12607996
thecommissary,http://ww2.hdnux.com/photos/60/22/15/12657485/3/628x471.jpg,12657485
thecommissary,http://ww4.hdnux.com/photos/44/51/52/9607867/9/628x471.jpg,9607867
toscacafe,http://ww4.hdnux.com/photos/44/53/10/9613839/9/628x471.jpg,9613839
toscacafe,http://ww2.hdnux.com/photos/44/53/11/9613897/7/628x471.jpg,9613897
trestle,http://ww4.hdnux.com/photos/60/06/11/12608107/3/628x471.jpg,12608107
trestle,http://ww1.hdnux.com/photos/60/06/11/12608108/3/628x471.jpg,12608108
trestle,http://ww2.hdnux.com/photos/60/06/11/12608109/3/628x471.jpg,12608109
villagesake,http://ww2.hdnux.com/photos/44/42/00/9576485/7/628x471.jpg,9576485
villagesake,http://ww3.hdnux.com/photos/60/06/11/12608118/3/628x471.jpg,12608118
villagesake,http://ww1.hdnux.com/photos/44/42/00/9576492/5/628x471.jpg,9576492
wayfaretavern,http://ww3.hdnux.com/photos/60/00/50/12585522/5/628x471.jpg,12585522
wayfaretavern,http://ww1.hdnux.com/photos/60/00/51/12585540/5/628x471.jpg,12585540
wayfaretavern,http://ww3.hdnux.com/photos/60/00/51/12585590/5/628x471.jpg,12585590
yanksing,http://ww3.hdnux.com/photos/60/10/05/12616054/5/628x471.jpg,12616054
yanksing,http://ww2.hdnux.com/photos/60/10/05/12616057/5/628x471.jpg,12616057
yanksing,http://ww2.hdnux.com/photos/60/10/06/12616073/5/628x471.jpg,12616073
z&y,http://ww4.hdnux.com/photos/45/00/51/9702007/5/628x471.jpg,9702007
z&y,http://ww4.hdnux.com/photos/45/00/51/9702011/7/628x471.jpg,9702011
z&y,http://ww1.hdnux.com/photos/45/00/51/9702000/9/628x471.jpg,9702000
zarzuela,http://ww2.hdnux.com/photos/60/22/02/12656797/3/628x471.jpg,12656797
zarzuela,http://ww3.hdnux.com/photos/60/22/02/12656798/3/628x471.jpg,12656798
zuni,http://ww2.hdnux.com/photos/60/14/67/12635613/5/628x471.jpg,12635613
zuni,http://ww3.hdnux.com/photos/60/14/67/12635646/5/628x471.jpg,12635646
zuni,http://ww1.hdnux.com/photos/60/14/67/12635644/5/628x471.jpg,12635644